N,Tempo
5,0.053884
5,0.044902
5,0.168496
5,0.06928
5,0.073556
5,0.073556
5,0.051318
5,0.061154
5,0.006844
5,0.040628
6,0.173626
6,0.080826
6,0.15823
6,0.201428
6,0.341694
6,0.431076
6,0.265574
6,0.061582
6,0.247184
6,0.075694
7,0.059016
7,0.044048
7,0.05474
7,0.033358
7,0.064576
7,0.022666
7,0.076124
7,0.02908
7,0.02138
7,0.097932
8,0.03849
8,0.092374
8,0.050892
8,0.098788
8,0.052172
8,0.041482
8,0.154384
8,0.029938
8,0.059018
8,0.035068
9,0.073128
9,0.067142
9,0.11846
9,0.056878
9,0.035068
9,0.083392
9,0.083392
9,0.032074
9,0.03079
9,3.070562
10,0.157376
10,0.216394
10,0.074838
10,0.050462
10,0.274124
10,0.059016
10,0.363506
10,0.080824
10,0.090234
10,0.026516
11,0.407984
11,0.27541
11,0.234354
11,0.088098
11,0.152244
11,0.086814
11,0.269422
11,0.556378
11,0.106486
11,0.08596
12,0.090236
12,0.443478
12,0.123164
12,0.369496
12,0.274556
12,0.289094
12,0.094084
12,0.087242
12,0.115894
12,0.566216
13,0.248896
13,0.10948
13,0.236066
13,0.939128
13,0.093658
13,0.365218
13,0.39216
13,0.442624
13,0.053884
13,0.21682
14,0.231362
14,0.139842
14,0.705628
14,0.21853
14,0.10563
14,0.199714
14,0.082964
14,0.130862
14,0.31005
14,0.235212
15,0.172346
15,0.473414
15,0.272844
15,0.089808
15,0.631644
15,0.138132
15,0.201854
15,0.400714
15,0.192444
15,0.181752
16,0.15866
16,0.68596
16,0.091518
16,0.12573
16,0.547826
16,0.16978
16,0.374198
16,1.052032
16,1.089664
16,0.101782
17,0.379758
17,0.311332
17,0.32459
17,0.479828
17,0.339556
17,0.941696
17,0.272416
17,0.149252
17,0.211262
17,0.397292
18,0.15866
18,0.279684
18,0.874556
18,0.798432
18,0.256594
18,0.341696
18,0.332288
18,0.165074
18,0.720598
18,0.128298
19,0.443906
19,0.247184
19,0.853598
19,0.21169
19,0.12744
19,0.835638
19,0.248038
19,0.740272
19,0.172774
19,0.195438
20,0.264292
20,0.370776
20,0.13129
20,0.172346
20,0.113328
20,0.233072
20,0.153958
20,0.401568
20,0.503778
20,0.536708
21,0.309194
21,0.323734
21,0.328868
21,0.64362
21,0.095368
21,0.578616
21,0.610692
21,0.311332
21,0.313044
21,0.144546
22,1.215824
22,0.656876
22,0.900638
22,0.532856
22,0.51233
22,0.335282
22,0.227514
22,0.195438
22,0.15823
22,0.170636
23,0.828366
23,0.301498
23,1.327012
23,0.358804
23,2.201138
23,0.246758
23,0.208696
23,0.24077
23,0.20955
23,0.472558
24,0.192444
24,0.265574
24,1.437774
24,0.246758
24,0.775338
24,0.460156
24,0.532002
24,1.047754
24,0.529436
24,0.538418
25,0.36094
25,0.323736
25,0.66201
25,0.69109
25,0.677404
25,0.994724
25,0.39601
25,0.589736
25,0.31347
25,0.393014
26,0.324162
26,0.652174
26,0.46144
26,0.80955
26,0.305346
26,0.462296
26,0.494798
26,0.832218
26,0.190306
26,0.675696
27,0.80057
27,1.042196
27,1.949678
27,0.515326
27,0.75652
27,0.66757
27,0.555526
27,0.544404
27,1.51347
27,0.335708
28,0.191162
28,1.90563
28,0.534568
28,0.259586
28,1.341552
28,1.214968
28,2.037348
28,0.39943
28,0.662438
28,0.220242
29,0.288668
29,0.757804
29,0.407554
29,0.632502
29,0.659444
29,1.183748
29,0.91732
29,0.631644
29,0.464006
29,0.68938
30,1.271416
30,0.758232
30,1.261582
30,0.463152
30,0.464432
30,0.24419
30,0.653884
30,0.31561
30,0.643192
30,1.379186
31,1.775622
31,0.53243
31,0.429794
31,0.41782
31,0.52302
31,1.196578
31,0.503776
31,2.08268
31,0.336992
31,1.691802
32,1.404418
32,1.280824
32,0.378048
32,0.674412
32,0.781752
32,1.974482
32,0.642764
32,0.41012
32,0.893798
32,1.731146
33,1.37149
33,1.087526
33,0.591874
33,0.994298
33,0.993442
33,1.019528
33,0.513614
33,0.451178
33,0.721024
33,1.68282
34,1.173058
34,0.484532
34,0.461438
34,0.525588
34,0.555524
34,0.647042
34,1.056736
34,3.428936
34,0.651748
34,1.536992
35,0.841198
35,0.72787
35,0.651746
35,0.652172
35,0.53414
35,1.525016
35,2.070276
35,0.887386
35,1.590876
35,0.502066
36,1.649038
36,1.2526
36,1.202564
36,1.428796
36,0.956236
36,0.56151
36,1.787168
36,0.387028
36,1.005846
36,1.614394
37,0.517462
37,1.417676
37,2.900356
37,1.75381
37,3.009406
37,1.049466
37,0.608554
37,0.93143
37,1.29665
37,0.673984
38,0.688524
38,0.737704
38,1.39843
38,1.343264
38,1.69394
38,1.90734
38,0.575196
38,0.767212
38,0.802708
38,1.23122
39,1.02466
39,0.623094
39,0.686384
39,0.886956
39,1.073414
39,1.579758
39,0.715466
39,0.610264
39,1.492088
39,0.940842
40,0.90663
40,0.907056
40,1.261154
40,0.885674
40,1.2526
40,2.036064
40,0.994724
40,1.321024
40,1.211118
40,1.2124
41,0.921166
41,1.649464
41,1.250034
41,1.40057
41,1.083678
41,2.030504
41,0.85702
41,1.828652
41,0.612402
41,1.798288
42,1.310334
42,1.87783
42,0.542266
42,1.119172
42,2.246042
42,1.68667
42,0.53756
42,1.066998
42,1.08881
42,2.192586
43,1.381324
43,3.017962
43,1.820098
43,1.398004
43,2.209692
43,1.74483
43,1.286812
43,4.416392
43,2.150248
43,1.612686
44,14.801556
44,0.893798
44,2.373056
44,0.937418
44,0.978902
44,1.57719
44,1.4737
44,0.84975
44,0.945544
44,2.186598
45,1.56265
45,0.88781
45,2.298644
45,0.822808
45,1.83806
45,1.356948
45,1.167926
45,2.579186
45,1.30563
45,0.939986
46,1.92915
46,2.765642
46,0.902354
46,1.03749
46,0.821954
46,1.38774
46,2.230218
46,2.748536
46,1.95139
46,1.423662
47,1.536564
47,1.611402
47,0.932714
47,1.81967
47,2.303348
47,1.132856
47,1.615252
47,1.557518
47,1.498076
47,1.824374
48,2.103634
48,1.16707
48,1.23977
48,1.646472
48,1.841054
48,2.269564
48,1.282964
48,2.414112
48,2.289664
48,2.487666
49,3.01625
49,3.076118
49,1.835066
49,2.786598
49,2.188736
49,1.276978
49,0.92844
49,1.681112
49,1.490804
49,2.542834
50,1.291518
50,1.348822
50,1.465574
50,3.694082
50,1.931288
50,1.375338
50,1.474554
50,1.688808
50,1.617816
50,3.75652
51,1.291516
51,1.602852
51,1.700356
51,1.732002
51,3.702634
51,2.566786
51,2.180184
51,2.321308
51,4.674692
51,1.573342
52,2.290946
52,1.31504
52,2.50178
52,2.113468
52,1.138844
52,2.799426
52,1.701638
52,1.898788
52,4.609262
52,2.344832
53,0.86087
53,1.043904
53,1.87997
53,1.300498
53,2.150248
53,1.767924
53,1.700784
53,1.40784
53,1.189734
53,3.251032
54,1.357804
54,1.82908
54,1.903918
54,2.00784
54,2.674554
54,1.379614
54,2.378616
54,1.541696
54,1.633214
54,4.179044
55,2.311046
55,1.721738
55,1.193158
55,1.638346
55,1.407412
55,4.862862
55,2.717318
55,2.728866
55,2.8593
55,2.403418
56,1.70848
56,3.393868
56,3.174482
56,3.157374
56,2.736136
56,2.728864
56,1.167496
56,1.956094
56,3.224088
56,3.175336
57,3.12701
57,2.976906
57,4.296648
57,3.280538
57,3.89679
57,1.389024
57,2.790018
57,1.61953
57,1.668282
57,2.04761
58,1.883818
58,5.606126
58,2.86272
58,2.15196
58,3.187312
58,2.030504
58,2.646326
58,2.23578
58,3.222378
58,1.572488
59,3.339984
59,1.395866
59,2.680968
59,3.64533
59,2.218244
59,4.565642
59,1.4057
59,1.66486
59,1.061438
59,3.216392
60,1.82694
60,2.564646
60,2.644188
60,2.298214
60,1.955666
60,3.147112
60,1.50449
60,1.6067
60,1.53143
60,1.40613
61,2.661296
61,1.249178
61,2.73528
61,3.695364
61,1.83079
61,1.578902
61,4.058016
61,1.152528
61,1.50235
61,2.090806
62,2.101496
62,3.842478
62,2.571488
62,1.55923
62,1.512186
62,1.218814
62,1.398004
62,1.202138
62,2.036492
62,1.380898
63,3.633354
63,1.726444
63,1.64476
63,2.590304
63,2.136564
63,1.439058
63,2.180612
63,1.69608
63,4.801708
63,2.645472
64,2.042906
64,2.377334
64,6.826652
64,4.105484
64,1.546828
64,1.36037
64,1.450606
64,3.446898
64,3.644046
64,3.785602
65,1.66999
65,2.608694
65,2.260584
65,2.75495
65,1.919744
65,2.873412
65,1.494654
65,1.253456
65,1.389024
65,3.268138
66,2.400426
66,3.115036
66,3.131714
66,4.462578
66,2.221666
66,2.079686
66,2.80071
66,4.235066
66,3.12017
66,2.391018
67,2.492372
67,2.414966
67,2.69508
67,3.714608
67,4.915036
67,2.063862
67,3.109478
67,1.824374
67,3.287382
67,1.781612
68,3.456734
68,2.61468
68,2.658302
68,2.315322
68,3.149252
68,2.538986
68,5.704486
68,3.090662
68,1.74355
68,4.99843
69,3.046184
69,3.984458
69,3.768066
69,3.079542
69,7.75851
69,1.832072
69,3.23307
69,2.413256
69,2.548822
69,2.885816
70,3.6975
70,2.767782
70,3.602136
70,2.584318
70,4.202988
70,3.481964
70,3.123162
70,3.1129
70,4.05203
70,2.694224
71,4.742688
71,5.565926
71,3.168494
71,3.822806
71,6.345968
71,1.574198
71,3.084674
71,2.365784
71,4.461294
71,1.791874
72,2.534282
72,5.190018
72,5.171628
72,2.914468
72,4.362504
72,5.958084
72,2.68225
72,2.55481
72,3.380184
72,2.325158
73,3.869846
73,2.968778
73,5.033498
73,6.012826
73,4.242764
73,3.284816
73,7.47284
73,2.790446
73,3.77448
73,3.505058
74,8.745966
74,2.819956
74,2.929434
74,6.474266
74,3.533284
74,4.231644
74,3.9588
74,2.299072
74,6.05046
74,4.133712
75,3.440482
75,5.438058
75,3.173198
75,12.499492
75,3.492228
75,6.01411
75,4.361222
75,3.587168
75,4.176476
75,8.378612
76,3.873698
76,10.28039
76,4.13927
76,9.201418
76,2.329436
76,4.45659
76,4.87826
76,2.136134
76,5.849888
76,3.370774
77,1.77947
77,2.139556
77,2.37434
77,2.770776
77,3.310904
77,2.893082
77,4.451032
77,2.253314
77,2.112616
77,3.655594
78,2.346116
78,1.912898
78,3.310902
78,2.3923
78,5.592012
78,2.19729
78,5.219954
78,4.492942
78,4.324016
78,2.811402
79,4.145686
79,4.968066
79,5.279826
79,5.26999
79,9.924584
79,3.868992
79,6.838198
79,4.442476
79,4.725584
79,2.489806
80,2.875124
80,5.408978
80,4.368492
80,3.11461
80,4.87441
80,4.05545
80,5.261862
80,5.458156
80,14.359788
80,3.8784
81,3.181322
81,2.423948
81,2.883248
81,2.293084
81,3.37334
81,6.371628
81,7.080678
81,3.270276
81,11.248602
81,3.88054
82,3.356662
82,2.294368
82,5.588164
82,2.382464
82,9.030356
82,6.60855
82,5.244758
82,3.510618
82,6.233924
82,4.142692
83,2.822094
83,3.779612
83,7.06742
83,6.540978
83,2.89351
83,3.274554
83,3.089806
83,2.908906
83,3.532856
83,3.348538
84,6.323302
84,6.246324
84,3.022234
84,3.712472
84,5.673696
84,2.913612
84,3.297218
84,4.270988
84,4.110192
84,3.523448
85,3.162934
85,5.109616
85,11.559078
85,3.328866
85,5.048464
85,3.051316
85,3.613682
85,6.269418
85,12.354518
85,3.407552
86,5.463288
86,3.961364
86,4.116178
86,4.092228
86,6.359226
86,7.551956
86,3.943404
86,4.697788
86,8.64162
86,3.697076
87,4.732426
87,3.760796
87,3.836064
87,2.961936
87,6.913892
87,4.170918
87,6.43706
87,7.61824
87,3.422092
87,8.505626
88,3.228794
88,2.901636
88,8.2037
88,3.664574
88,5.834066
88,8.468846
88,4.890232
88,4.194866
88,5.449176
88,6.919026
89,3.639342
89,7.717456
89,6.405412
89,7.223088
89,10.33171
89,9.787734
89,4.459156
89,4.88339
89,3.968208
89,6.017532
90,5.55438
90,6.221092
90,4.371488
90,7.044756
90,11.73014
90,12.481958
90,5.908478
90,6.188592
90,8.520592
90,5.837914
91,5.341836
91,7.093936
91,6.399854
91,6.329716
91,5.441478
91,6.622662
91,7.079396
91,3.618814
91,3.236064
91,8.424372
92,6.421236
92,4.218386
92,5.23107
92,9.463996
92,3.260442
92,4.409548
92,7.6516
92,6.239484
92,6.040622
92,5.01425
93,4.412542
93,9.654306
93,6.333994
93,6.352812
93,6.707766
93,6.576902
93,3.63036
93,9.147534
93,14.929
93,14.807972
94,5.900778
94,8.964926
94,15.852306
94,6.071416
94,8.596714
94,10.89878
94,10.97362
94,6.055162
94,8.982888
94,4.99458
95,6.536272
95,7.882958
95,5.177614
95,4.561366
95,5.620666
95,4.873126
95,5.911046
95,9.014964
95,8.02708
95,4.984744
96,6.91304
96,8.057016
96,11.278538
96,6.724442
96,8.728006
96,7.369344
96,4.57334
96,5.456018
96,5.030076
96,7.37576
97,6.350244
97,8.981178
97,12.28438
97,10.277826
97,6.451172
97,7.44333
97,4.3779
97,4.821808
97,5.143404
97,8.95509
98,12.733846
98,8.9166
98,19.271832
98,4.8449
98,7.434778
98,6.648748
98,5.047182
98,8.878112
98,13.007116
98,10.199136
99,11.119878
99,5.988022
99,11.548818
99,17.026644
99,9.200136
99,7.058868
99,10.451882
99,8.115604
99,7.542548
99,7.443758
100,6.923304
100,6.52473
100,8.030502
100,5.012114
100,5.106624
100,7.375332
100,7.418954
100,5.272556
100,6.794578
100,9.93741
101,8.29308
101,8.361504
101,6.731712
101,7.02594
101,7.978754
101,4.353954
101,12.70391
101,8.699352
101,6.57391
101,7.306052
102,7.94112
102,7.712752
102,6.523016
102,8.342262
102,9.5367
102,7.179894
102,6.445186
102,6.597858
102,6.345114
102,12.07312
103,15.112892
103,7.43264
103,5.087808
103,11.5826
103,14.452592
103,10.471552
103,9.603842
103,5.340124
103,5.98845
103,4.700354
104,8.222516
104,10.223086
104,5.39401
104,6.035492
104,5.531286
104,12.031638
104,12.006834
104,10.280394
104,7.021664
104,9.954092
105,26.874678
105,7.430502
105,7.932994
105,5.46885
105,8.44832
105,16.268842
105,7.402276
105,8.759224
105,8.585168
105,8.438908
106,17.346104
106,18.75095
106,7.977042
106,10.406976
106,8.020238
106,10.268844
106,6.942546
106,8.994006
106,10.51988
106,12.05473
107,13.727288
107,14.387586
107,7.435632
107,5.774622
107,14.174188
107,17.692076
107,10.135844
107,7.551528
107,8.88923
107,6.692368
108,10.969772
108,8.384598
108,14.267846
108,8.967064
108,6.984886
108,10.937698
108,7.82651
108,13.453162
108,9.397712
108,6.738556
109,8.99358
109,9.022232
109,9.564924
109,8.473552
109,11.201562
109,13.40227
109,6.750102
109,6.80869
109,12.424654
109,6.419098
110,9.431068
110,9.534562
110,7.451884
110,10.826506
110,7.028932
110,12.39429
110,8.600566
110,8.983314
110,5.702776
110,8.9166
111,5.139984
111,11.544966
111,7.83763
111,10.25345
111,9.11332
111,9.104768
111,10.174762
111,8.10919
111,10.48695
111,10.9625
112,13.947958
112,16.305192
112,7.38859
112,11.36193
112,7.169634
112,9.268562
112,10.882958
112,10.30263
112,8.601846
112,8.969202
113,8.9166
113,11.367918
113,13.465562
113,38.089066
113,14.176326
113,11.547106
113,13.66485
113,10.319308
113,8.288804
113,11.59543
114,7.885098
114,7.891084
114,6.955804
114,4.707196
114,8.946538
114,11.335842
114,10.065708
114,10.721732
114,14.621942
114,7.912896
115,8.614248
115,5.790872
115,11.65573
115,9.827078
115,12.559364
115,6.928006
115,13.570338
115,11.518452
115,9.82879
115,8.855018
116,5.993154
116,10.415958
116,9.355804
116,12.521728
116,6.689802
116,20.026214
116,9.868132
116,11.751098
116,15.111608
116,8.65402
117,11.87811
117,6.729146
117,8.308048
117,7.554092
117,8.835348
117,10.983028
117,17.460714
117,8.90762
117,12.081674
117,9.455448
118,8.71988
118,14.63178
118,6.488806
118,10.024654
118,14.086092
118,13.452736
118,7.58916
118,14.606118
118,7.535278
118,7.317602
119,6.975476
119,12.343826
119,10.813248
119,6.274978
119,9.89978
119,9.49693
119,15.051306
119,8.582604
119,13.936414
119,9.78303
120,8.831926
120,17.309754
120,8.266992
120,15.970338
120,17.657436
120,8.60869
120,17.853728
120,8.470128
120,8.704912
120,14.702768
121,14.813104
121,9.038482
121,13.803412
121,5.912754
121,7.00755
121,7.624656
121,7.753378
121,9.138126
121,7.321022
121,12.626506
122,8.018954
122,7.293654
122,18.132988
122,7.688376
122,7.321448
122,12.486234
122,7.32658
122,14.504336
122,11.351666
122,16.199134
123,20.695068
123,8.370914
123,11.76307
123,13.746534
123,15.32971
123,18.65002
123,6.952382
123,11.319592
123,12.292508
123,8.55737
124,9.517456
124,9.066706
124,22.454014
124,11.23577
124,20.787866
124,18.172332
124,10.923158
124,8.984172
124,10.409972
124,13.971908
125,7.054164
125,7.484816
125,10.000278
125,12.314318
125,17.859288
125,7.486524
125,7.88296
125,18.266844
125,7.247036
125,9.002558
126,22.699912
126,12.249312
126,16.11788
126,13.92786
126,21.818518
126,8.671556
126,9.590586
126,7.955234
126,34.12813
126,7.040052
127,21.070976
127,16.935556
127,16.423652
127,13.079818
127,19.70462
127,16.132846
127,19.497206
127,13.463424
127,14.62109
127,11.049744
128,8.602274
128,8.222944
128,15.502912
128,9.464854
128,20.331988
128,8.763072
128,8.84946
128,15.129996
128,11.389728
128,9.081676
129,27.193708
129,11.997424
129,7.907334
129,16.45145
129,11.847746
129,10.075544
129,13.04689
129,12.039762
129,11.503056
129,10.14953
130,17.416666
130,13.437338
130,14.132704
130,15.29293
130,12.114602
130,30.896342
130,16.030636
130,60.487056
130,35.659562
130,22.26456
131,13.350524
131,12.751382
131,18.9002
131,27.990858
131,13.733276
131,11.497498
131,10.428788
131,15.082954
131,16.229498
131,15.16763
132,17.444464
132,16.497208
132,15.042754
132,27.02564
132,20.875536
132,15.183454
132,36.27068
132,8.950386
132,9.798426
132,18.31089
133,12.170626
133,16.199132
133,12.995572
133,15.58545
133,9.422088
133,28.122574
133,9.926294
133,18.362212
133,17.890506
133,21.502908
134,17.549238
134,16.087944
134,15.493502
134,20.189578
134,18.121014
134,12.056016
134,16.756368
134,10.285096
134,12.270696
134,14.781456
135,10.078968
135,18.587158
135,12.75352
135,8.688234
135,12.654302
135,12.250596
135,20.407254
135,13.330426
135,33.081658
135,18.112034
136,14.915314
136,19.092216
136,48.588846
136,10.63278
136,13.691366
136,17.684806
136,9.82109
136,16.351376
136,10.915032
136,24.020938
137,14.17547
137,18.541824
137,23.638614
137,10.031924
137,11.361502
137,14.687374
137,12.937412
137,22.744816
137,11.19087
137,21.936976
138,13.233776
138,17.764778
138,14.92686
138,35.360204
138,16.411678
138,24.703902
138,9.792438
138,12.836484
138,16.387728
138,12.521728
139,15.452876
139,11.232778
139,11.813964
139,9.128716
139,24.094922
139,16.576752
139,10.486522
139,12.684668
139,10.898352
139,41.96533
140,19.46171
140,14.198136
140,10.616958
140,14.766916
140,21.007684
140,25.130702
140,31.882086
140,15.787728
140,14.561216
140,13.689656
141,24.933554
141,11.789158
141,13.068272
141,11.80712
141,12.266848
141,22.29706
141,20.09806
141,12.08424
141,24.188152
141,15.450738
142,13.628502
142,22.702906
142,25.557502
142,17.467558
142,19.08409
142,18.487086
142,14.640332
142,23.085654
142,18.075256
142,41.93283
143,19.486086
143,26.277672
143,23.000128
143,37.35393
143,21.059856
143,19.657576
143,20.597134
143,19.636622
143,23.506896
143,28.138824
144,16.299632
144,20.291362
144,21.256148
144,14.431208
144,25.754224
144,26.399554
144,19.993286
144,13.377038
144,15.435342
144,42.442592
145,16.650736
145,15.830494
145,25.642176
145,20.049736
145,12.798852
145,10.930856
145,39.203964
145,18.303194
145,23.751516
145,30.32628
146,13.631922
146,11.14853
146,10.963784
146,9.772766
146,15.416952
146,13.791438
146,15.987872
146,27.252724
146,15.37718
146,49.709302
147,28.624214
147,29.710456
147,41.798118
147,12.648316
147,19.84318
147,20.494498
147,15.188156
147,14.741258
147,18.35323
147,15.168912
148,20.915738
148,14.83406
148,30.650014
148,20.927712
148,23.03092
148,14.592862
148,20.950802
148,18.746672
148,16.235484
148,30.25871
149,23.317872
149,22.33384
149,27.850586
149,16.77604
149,19.090936
149,20.912744
149,24.856148
149,15.002984
149,20.171192
149,31.9766
150,12.06756
150,29.444454
150,13.63919
150,38.701468
150,13.18374
150,24.610246
150,12.635914
150,17.829782
150,15.074828
150,16.22522
151,21.251446
151,12.445608
151,55.284208
151,11.806694
151,23.00996
151,14.986734
151,24.492214
151,26.679668
151,18.563208
151,15.159932
152,22.5652
152,27.752226
152,15.7022
152,15.865992
152,30.582016
152,26.838752
152,22.46513
152,20.26057
152,28.029774
152,23.497062
153,13.47497
153,23.592002
153,31.945382
153,22.65843
153,13.123868
153,21.592286
153,27.944242
153,16.613958
153,22.241466
153,21.40754
154,17.671548
154,17.803268
154,34.514302
154,17.146816
154,25.828632
154,27.87197
154,49.132824
154,23.649306
154,18.779602
154,25.247024
155,22.337688
155,21.089362
155,50.575728
155,21.753084
155,25.800836
155,28.01224
155,22.911602
155,23.244746
155,24.071826
155,17.237908
156,18.440046
156,18.223652
156,14.333704
156,46.93254
156,24.91046
156,30.33312
156,15.380602
156,20.916166
156,46.94494
156,30.104326
157,26.080524
157,25.131128
157,35.099762
157,31.30133
157,34.653718
157,29.933264
157,17.23748
157,20.496634
157,26.064272
157,19.706756
158,16.822652
158,55.699032
158,18.27283
158,25.524144
158,20.123292
158,39.786002
158,31.597268
158,16.252164
158,26.98544
158,16.223936
159,14.543682
159,14.59671
159,57.678646
159,15.338264
159,19.569478
159,15.163782
159,32.38116
159,16.537836
159,16.6007
159,40.348366
160,21.290362
160,37.050296
160,14.967488
160,22.816662
160,49.191838
160,49.984284
160,29.27724
160,19.924864
160,17.692504
160,22.209822
161,27.670118
161,18.845032
161,17.476538
161,49.651568
161,31.885936
161,100.103706
161,24.444744
161,31.04431
161,26.9585
161,26.131414
162,25.791856
162,70.58484
162,41.907168
162,13.236768
162,15.44646
162,19.94325
162,18.15266
162,21.13384
162,22.657148
162,21.063706
163,15.184736
163,43.838032
163,29.047164
163,20.398702
163,25.334694
163,17.114314
163,18.63805
163,16.441612
163,18.057294
163,23.884946
164,21.477674
164,37.931262
164,18.941684
164,22.637476
164,19.663564
164,48.710728
164,18.712462
164,47.436316
164,23.279386
164,28.214518
165,22.67639
165,27.585012
165,19.517306
165,20.595424
165,15.483666
165,22.239756
165,17.670266
165,24.95066
165,17.666418
165,50.05784
166,23.373038
166,14.741686
166,18.49008
166,30.684226
166,31.882516
166,19.318448
166,13.69265
166,34.395414
166,33.067544
166,27.0111
167,19.692218
167,18.807826
167,36.838176
167,16.22907
167,15.589296
167,18.590578
167,33.955784
167,17.793004
167,21.473398
167,27.420368
168,37.53269
168,23.252014
168,17.344394
168,48.587136
168,31.44032
168,32.432478
168,16.007544
168,37.754214
168,20.060428
168,39.897618
169,17.808398
169,24.369048
169,18.462282
169,24.688078
169,50.121988
169,23.977744
169,40.411234
169,23.968334
169,26.178456
169,27.731698
170,20.772474
170,16.89236
170,22.84275
170,35.892206
170,16.042184
170,67.317984
170,31.448444
170,21.168054
170,28.093066
170,22.429206
171,21.789862
171,20.433342
171,16.670408
171,20.51588
171,29.853722
171,20.293928
171,33.72143
171,40.347086
171,30.374176
171,23.56805
172,28.76919
172,50.288346
172,26.107466
172,56.47993
172,18.060288
172,17.55779
172,30.119724
172,34.212378
172,22.662706
172,23.26228
173,29.842602
173,20.931558
173,21.97632
173,33.007246
173,29.290072
173,21.425074
173,30.790712
173,32.296058
173,21.297632
173,22.17518
174,35.255856
174,30.146236
174,32.479946
174,29.245598
174,31.430056
174,33.508886
174,22.652442
174,28.922288
174,17.809254
174,33.32542
175,54.662826
175,19.449736
175,23.892212
175,39.227914
175,29.544526
175,26.864414
175,34.23932
175,25.960352
175,24.127852
175,25.786724
176,21.800128
176,48.115004
176,29.617226
176,63.99981
176,26.104046
176,27.76976
176,33.709454
176,26.425642
176,57.925832
176,24.909604
177,24.665412
177,38.135682
177,30.744528
177,28.535688
177,40.119574
177,36.340814
177,25.418944
177,29.179736
177,28.005826
177,36.31088
178,82.67763
178,16.826074
178,28.228204
178,20.175466
178,43.078516
178,32.674532
178,29.646736
178,42.182152
178,37.026772
178,75.930098
179,21.137262
179,41.505174
179,22.782022
179,25.569046
179,34.61651
179,28.715732
179,32.606534
179,21.627782
179,27.136832
179,41.766898
180,25.060992
180,22.749518
180,33.911308
180,25.851728
180,24.498628
180,125.975534
180,26.725856
180,26.2379
180,50.005668
180,35.492776
181,46.85214
181,119.686444
181,21.7997
181,28.019512
181,40.123848
181,23.047168
181,53.036884
181,22.900054
181,59.136522
181,45.057272
182,28.953936
182,39.70603
182,30.558494
182,35.775884
182,28.44075
182,23.364916
182,48.227906
182,35.036468
182,47.786994
182,40.562196
183,41.572316
183,31.553648
183,32.84987
183,29.982872
183,33.839892
183,28.392852
183,24.211244
183,30.789002
183,42.241596
183,56.230608
184,63.185558
184,35.822498
184,47.82591
184,30.857854
184,42.74751
184,29.329844
184,56.224194
184,31.00796
184,94.24441
184,29.60226
185,24.602122
185,30.344242
185,26.359782
185,42.114582
185,50.868674
185,45.612368
185,32.894348
185,65.40038
185,43.667822
185,28.2915
186,37.483936
186,49.62933
186,26.521864
186,54.723126
186,33.800546
186,101.155734
186,28.048164
186,28.332552
186,23.73056
186,31.338536
187,22.534412
187,33.475956
187,24.540966
187,38.181014
187,25.652014
187,54.04401
187,48.445154
187,35.038178
187,41.976448
187,130.840534
188,25.719154
188,39.122282
188,22.167482
188,44.243446
188,31.506604
188,31.86883
188,25.704614
188,148.25378
188,37.567756
188,29.621076
189,28.494206
189,22.880812
189,29.65871
189,49.238884
189,53.038166
189,23.390148
189,63.696604
189,54.239022
189,24.944244
189,107.374264
190,28.171754
190,40.101612
190,43.359058
190,75.58284
190,45.339954
190,25.527138
190,33.414374
190,49.483072
190,21.897632
190,50.441874
191,27.171896
191,32.415372
191,20.742536
191,42.252714
191,29.95935
191,29.17161
191,21.85615
191,39.225774
191,37.099476
191,23.328136
192,41.656564
192,40.97531
192,30.932692
192,62.486342
192,65.927252
192,67.888048
192,24.103046
192,29.889216
192,31.635758
192,30.896772
193,43.240168
193,32.869112
193,61.14992
193,37.835896
193,38.662552
193,23.00526
193,45.886924
193,68.206222
193,23.517588
193,23.705328
194,48.96775
194,42.221496
194,32.00739
194,46.226484
194,35.726276
194,29.82293
194,67.832024
194,38.347372
194,44.28108
194,32.008674
195,25.236334
195,45.064114
195,35.624064
195,53.121556
195,41.257134
195,54.022628
195,39.83561
195,28.631056
195,36.729126
195,28.226066
196,40.601968
196,34.04431
196,43.12684
196,35.603112
196,24.895064
196,42.16034
196,94.704992
196,46.737956
196,33.227062
196,33.355786
197,27.355362
197,32.587716
197,50.564612
197,61.570734
197,29.491072
197,47.579152
197,50.98799
197,40.646018
197,56.098036
197,59.609938
198,62.741652
198,32.870826
198,125.65137
198,78.42033
198,33.991282
198,26.492356
198,42.555922
198,28.980876
198,141.583648
198,57.720984
199,66.46909
199,39.294198
199,33.92713
199,38.797264
199,33.893346
199,23.332414
199,47.216074
199,70.85469
199,46.666968
199,40.363764
200,42.223634
200,37.57075
200,42.422492
200,30.541818
200,28.322716
200,56.710436
200,28.785868
200,38.23447
200,31.95051
200,70.953906
201,36.530268
201,68.470514
201,44.000112
201,58.297036
201,61.483064
201,53.258408
201,38.144664
201,53.048858
201,62.622336
201,28.733264
202,87.399368
202,121.64382
202,41.74466
202,63.560182
202,36.271108
202,39.386146
202,34.651578
202,28.852582
202,32.169472
202,35.051436
203,41.647582
203,38.955496
203,33.441316
203,31.707604
203,44.389278
203,71.50173
203,30.62863
203,43.816646
203,35.989282
203,57.132104
204,41.890918
204,35.157068
204,34.070824
204,33.094916
204,62.928538
204,50.00695
204,68.631314
204,59.349068
204,36.041458
204,45.8309
205,53.011224
205,31.79741
205,51.565324
205,40.279514
205,49.68792
205,34.78971
205,68.319552
205,39.188996
205,34.368472
205,60.037162
206,66.450274
206,64.393256
206,44.385428
206,51.33225
206,53.620634
206,36.997264
206,39.50931
206,71.422186
206,41.411946
206,35.237894
207,39.617934
207,219.607114
207,28.074248
207,80.43287
207,26.543244
207,39.753502
207,76.637864
207,39.813372
207,32.803256
207,55.099462
208,44.314438
208,61.288052
208,32.560776
208,39.451146
208,47.57787
208,71.83017
208,35.131834
208,56.156624
208,43.71957
208,37.992418
209,45.687638
209,42.78258
209,26.519296
209,35.344808
209,48.663258
209,33.460134
209,39.717148
209,38.553928
209,63.977574
209,35.695914
210,48.01579
210,78.815054
210,40.047726
210,70.235018
210,65.615066
210,92.724952
210,84.68376
210,77.536366
210,43.79056
210,46.858556
211,39.525134
211,43.225202
211,69.32796
211,34.744806
211,50.042444
211,45.736818
211,35.576168
211,63.795822
211,40.377022
211,66.021762
212,35.808384
212,44.482504
212,80.464946
212,32.693774
212,31.276528
212,45.88949
212,66.869374
212,43.388138
212,30.233478
212,53.573164
213,34.206816
213,33.896768
213,48.67951
213,32.67325
213,43.131972
213,45.0778
213,61.063536
213,34.71701
213,48.214222
213,56.846858
214,53.519278
214,47.857984
214,53.698036
214,93.632006
214,46.858556
214,224.661994
214,67.62932
214,93.104708
214,73.893176
214,77.630448
215,45.056846
215,39.88137
215,35.594984
215,56.41279
215,91.015614
215,41.231044
215,56.593688
215,31.13198
215,131.956286
215,38.173314
216,61.161466
216,39.639316
216,33.323712
216,577.84107
216,97.435996
216,107.24169
216,42.863834
216,42.680796
216,33.820218
216,50.548788
217,43.265828
217,49.893622
217,51.466106
217,203.724016
217,45.396832
217,100.001924
217,61.625472
217,66.232598
217,71.283626
217,88.846552
218,86.206212
218,78.581982
218,128.828846
218,51.841588
218,69.843712
218,82.465088
218,91.731934
218,82.816192
218,83.520538
218,71.872508
219,112.57711
219,137.305392
219,53.841302
219,62.837874
219,65.364884
219,125.306684
219,74.672362
219,56.449994
219,80.448268
219,59.872516
220,51.52555
220,75.198378
220,92.641562
220,47.416644
220,58.184134
220,56.582994
220,73.515984
220,211.584738
220,126.035404
220,153.383068
221,49.302602
221,125.592782
221,127.641248
221,73.521972
221,178.03651
221,125.425998
221,78.890322
221,66.648706
221,57.58157
221,44.228906
222,165.201736
222,47.844298
222,81.366442
222,147.503674
222,160.402594
222,69.842002
222,91.258524
222,62.722408
222,59.875936
222,59.989694
223,137.993914
223,178.440644
223,56.38371
223,89.9901
223,115.118236
223,48.606808
223,61.404804
223,61.50958
223,100.716964
223,160.446214
224,125.96527
224,98.143336
224,61.803804
224,59.387128
224,58.183278
224,70.607934
224,59.008652
224,57.21678
224,240.01608
224,70.309002
225,61.157192
225,76.929954
225,81.562736
225,51.29077
225,47.429902
225,89.25154
225,72.961744
225,59.978148
225,48.464828
225,64.58912
226,61.067384
226,78.299732
226,35.331122
226,46.552782
226,46.41123
226,90.422032
226,48.026908
226,63.391258
226,70.250842
226,84.24627
227,101.204918
227,49.562616
227,67.276076
227,57.941228
227,101.334494
227,71.809214
227,42.259128
227,33.866832
227,147.27445
227,54.846718
228,76.492462
228,109.02159
228,71.362744
228,41.886644
228,218.932702
228,66.63844
228,63.87964
228,117.705118
228,77.628312
228,103.911972
229,65.655264
229,63.898032
229,43.690062
229,85.015618
229,58.293188
229,39.82278
229,40.726842
229,52.47965
229,112.857224
229,100.227728
230,92.54448
230,39.8865
230,59.130964
230,37.938962
230,82.038288
230,122.671044
230,132.95828
230,62.272086
230,88.339352
230,55.455268
231,59.95762
231,115.353872
231,66.235592
231,46.23204
231,90.35874
231,59.471376
231,93.705562
231,63.327966
231,50.487206
231,215.985306
232,55.876082
232,56.954202
232,68.9837
232,65.568878
232,57.475084
232,70.583984
232,105.454094
232,76.015198
232,87.527662
232,95.350324
233,56.628328
233,88.235434
233,80.712988
233,113.258366
233,135.88344
233,59.124976
233,63.4862
233,129.657212
233,127.58822
233,76.12425
234,87.999366
234,126.131628
234,122.06848
234,86.941776
234,72.95319
234,482.838858
234,65.579996
234,102.648254
234,78.611062
234,51.606378
235,49.747362
235,66.89418
235,61.265814
235,69.491754
235,64.826042
235,83.795522
235,64.019056
235,73.048988
235,56.165176
235,118.019446
236,66.032026
236,48.30403
236,50.108304
236,84.5127
236,97.982968
236,160.251632
236,103.542476
236,90.558026
236,68.745924
236,50.172022
237,124.598058
237,151.441944
237,72.57942
237,59.29176
237,54.743652
237,67.718698
237,99.017038
237,63.041438
237,50.675802
237,52.475802
238,52.932962
238,76.754612
238,48.684212
238,59.927256
238,46.86326
238,47.39569
238,100.320954
238,102.047824
238,55.241872
238,64.405658
239,67.330814
239,65.546638
239,55.627614
239,111.728644
239,42.244588
239,59.092902
239,69.558042
239,98.183964
239,100.3727
239,77.934514
240,88.413336
240,44.639028
240,65.910574
240,62.890476
240,236.155214
240,67.611356
240,51.86297
240,84.596946
240,61.012216
240,75.407502
241,70.46253
241,66.85398
241,65.355904
241,69.60166
241,55.974016
241,62.699314
241,244.17331
241,71.59154
241,105.36386
241,55.67038
242,63.35662
242,198.734568
242,43.392412
242,86.294308
242,45.299328
242,63.964746
242,84.877486
242,63.020482
242,1325.644528
242,170.96823
243,86.77927
243,71.770726
243,74.343496
243,76.977422
243,141.832116
243,59.810932
243,70.17429
243,50.991838
243,73.533518
243,78.687614
244,47.512012
244,248.550358
244,42.584574
244,190.252466
244,86.7442
244,48.089774
244,106.320522
244,77.6668
244,61.41079
244,57.865534
245,292.218608
245,90.513548
245,53.4624
245,86.543632
245,99.436564
245,43.01394
245,59.3063
245,67.461676
245,74.369582
245,108.114106
246,76.597664
246,82.338928
246,85.21106
246,51.572164
246,59.429894
246,92.348616
246,49.529688
246,82.141778
246,55.877794
246,142.089992
247,153.903096
247,77.674926
247,78.57514
247,65.894324
247,83.695876
247,98.925516
247,89.568004
247,64.40694
247,176.580772
247,84.680768
248,59.491904
248,78.53323
248,80.29303
248,86.8772
248,268.559466
248,73.174288
248,77.027884
248,47.482502
248,61.480498
248,129.269758
249,71.304584
249,63.15177
249,96.10984
249,82.957318
249,62.184418
249,61.666528
249,94.497154
249,90.50756
249,91.156742
249,68.020194
250,77.343922
250,61.320554
250,84.896732
250,73.918408
250,89.133936
250,70.086622
250,76.940642
250,83.357602
250,349.691556
250,142.923918
251,84.414764
251,101.28489
251,78.30358
251,78.211204
251,93.455386
251,78.46951
251,97.88375
251,58.157194
251,57.611508
251,64.75505
252,73.899162
252,72.124396
252,100.758444
252,62.413214
252,96.833432
252,123.588366
252,79.814056
252,82.156318
252,66.85954
252,166.642506
253,164.62312
253,62.14935
253,119.76513
253,65.689904
253,127.683158
253,112.788372
253,68.70829
253,82.089178
253,85.882904
253,202.229792
254,55.22391
254,93.211622
254,79.60023
254,119.476892
254,111.465638
254,78.559316
254,67.72896
254,71.287904
254,52.450568
254,125.161708
255,91.954746
255,94.400076
255,73.499734
255,59.431604
255,97.932932
255,108.479752
255,80.529092
255,68.753622
255,79.92268
255,79.74777
256,90.275774
256,99.363864
256,96.191094
256,344.552854
256,100.607912
256,57.677364
256,106.106268
256,127.928634
256,72.841574
256,182.585902
257,159.496396
257,86.204072
257,94.719106
257,65.39867
257,80.022324
257,55.86026
257,87.445552
257,87.151328
257,57.516566
257,73.842712
258,129.453648
258,80.766444
258,100.991092
258,113.695856
258,126.925356
258,74.494886
258,108.936058
258,66.977144
258,169.781918
258,85.368008
259,87.945484
259,63.16674
259,155.56411
259,75.582412
259,161.98064
259,78.72482
259,71.743356
259,56.029612
259,83.511558
259,144.49341
260,160.25035
260,159.766672
260,94.456098
260,70.852122
260,237.665688
260,59.821198
260,78.200086
260,61.519844
260,52.169598
260,108.98353
261,77.886186
261,224.904474
261,71.099736
261,79.949624
261,101.817744
261,145.296974
261,366.59418
261,150.986064
261,83.32553
261,134.591064
262,53.451708
262,126.331342
262,89.903286
262,74.728384
262,59.362324
262,85.492028
262,102.691016
262,99.323666
262,65.772442
262,93.23001
263,149.476016
263,105.496006
263,74.367016
263,110.391796
263,72.02689
263,87.927094
263,123.234268
263,76.827744
263,144.840664
263,98.313116
264,82.69602
264,178.82382
264,61.313286
264,116.906688
264,78.820614
264,63.298884
264,56.07494
264,62.708294
264,72.123968
264,172.96324
265,94.336354
265,65.292182
265,218.364776
265,157.120342
265,123.088438
265,112.342756
265,141.998046
265,147.324912
265,111.456228
265,80.48248
266,83.691174
266,80.998232
266,73.545922
266,88.62075
266,66.762888
266,86.493168
266,113.15017
266,63.702166
266,75.411778
266,64.347494
267,114.474616
267,83.29987
267,123.806042
267,306.820452
267,57.252704
267,73.331236
267,63.694038
267,68.482916
267,81.9395
267,83.467082
268,105.547324
268,130.822144
268,79.447128
268,68.303728
268,60.44258
268,99.2933
268,95.700574
268,99.990378
268,124.247382
268,106.471486
269,96.85695
269,157.88328
269,96.965148
269,90.898438
269,94.922242
269,67.302162
269,76.577992
269,82.856818
269,77.663378
269,77.969154
270,120.238118
270,67.57201
270,89.891738
270,103.003206
270,87.354038
270,148.181078
270,88.98853
270,84.720966
270,85.627166
270,91.98468
271,100.707128
271,95.934498
271,71.320832
271,66.409218
271,185.70949
271,126.400624
271,171.966806
271,117.610606
271,97.096866
271,84.59438
272,85.425742
272,104.970844
272,132.46648
272,68.612494
272,83.761738
272,123.045672
272,95.63215
272,143.771956
272,76.897022
272,72.224894
273,62.567598
273,87.90571
273,104.540198
273,71.37044
273,143.345586
273,119.65052
273,99.99166
273,75.08505
273,70.337656
273,98.032574
274,262.660826
274,121.66734
274,62.132244
274,80.279772
274,176.218978
274,74.047988
274,92.368714
274,95.556452
274,91.84869
274,68.263956
275,72.649558
275,116.591504
275,86.511984
275,142.568538
275,102.0799
275,167.659468
275,74.623182
275,118.898704
275,73.890184
275,70.768304
276,201.357802
276,79.83886
276,73.096882
276,65.092898
276,91.198224
276,94.47919
276,74.533376
276,481.185544
276,144.86761
276,93.929226
277,245.149218
277,106.779398
277,82.462522
277,212.728288
277,190.297368
277,75.509284
277,84.8715
277,148.684
277,87.590102
277,120.871046
278,93.252678
278,86.634294
278,71.794676
278,127.169974
278,270.432592
278,71.772864
278,106.148178
278,148.216572
278,69.546496
278,65.649702
279,88.776844
279,63.722262
279,154.458194
279,141.05122
279,91.00407
279,70.08833
279,90.534504
279,83.448692
279,140.809166
279,95.591946
280,176.893814
280,75.856112
280,204.506198
280,107.592798
280,94.831152
280,114.519092
280,97.21319
280,104.779682
280,92.263084
280,181.912344
281,115.119946
281,84.852686
281,556.814998
281,105.963858
281,98.734784
281,374.104652
281,95.45296
281,98.022738
281,234.419362
281,251.8835
282,84.715406
282,82.792244
282,118.613886
282,71.560746
282,88.494592
282,401.72687
282,336.11309
282,64.67294
282,70.48947
282,143.601322
283,125.725356
283,143.446084
283,77.76217
283,70.40052
283,65.457686
283,110.34561
283,129.725638
283,131.03298
283,81.960028
283,110.431566
284,137.605178
284,125.279738
284,156.810296
284,169.635232
284,218.27882
284,84.02389
284,90.190242
284,88.923528
284,91.823884
284,143.552142
285,98.644548
285,77.559034
285,93.751324
285,180.38647
285,116.320802
285,138.617006
285,91.455674
285,127.542888
285,67.887192
285,95.597936
286,163.653198
286,117.930066
286,111.552024
286,267.914134
286,194.327162
286,97.72509
286,103.90684
286,104.854094
286,82.879912
286,97.988098
287,127.710958
287,574.457038
287,109.832424
287,119.611604
287,125.7446
287,163.066456
287,98.784818
287,114.880034
287,74.351622
287,88.249546
288,336.915798
288,436.698334
288,83.037716
288,142.26918
288,125.508964
288,177.151266
288,73.806788
288,102.836848
288,93.865934
288,81.25354
289,794.735144
289,356.888558
289,175.830666
289,103.039556
289,104.452098
289,178.904648
289,112.29443
289,140.329762
289,134.130052
289,136.099404
290,210.200848
290,85.976134
290,187.577486
290,97.272632
290,232.648444
290,141.477162
290,102.846256
290,149.136028
290,84.217618
290,108.502844
291,172.320476
291,97.24697
291,95.1087
291,352.942158
291,101.95203
291,107.916102
291,152.26903
291,584.1323
291,166.103232
291,77.416624
292,203.26215
292,97.317964
292,106.856802
292,207.56393
292,133.051508
292,236.807386
292,101.809194
292,110.646678
292,107.738196
292,96.066646
293,114.905694
293,137.1741
293,302.3459
293,118.345746
293,230.574318
293,87.156886
293,148.778082
293,155.480716
293,105.423302
293,170.517058
294,134.519648
294,170.824112
294,80.081768
294,225.21666
294,103.199926
294,139.85293
294,119.881454
294,81.806498
294,91.217042
294,106.269204
295,118.147742
295,135.56783
295,112.43684
295,90.259522
295,139.636964
295,84.420324
295,100.52452
295,110.926364
295,87.467794
295,96.882182
296,307.74504
296,100.077192
296,128.739896
296,102.947182
296,1771.59004
296,128.62229
296,95.455528
296,187.397444
296,279.139218
296,118.523222
297,85.61904
297,117.498134
297,133.333336
297,97.37356
297,153.101674
297,181.897802
297,205.749818
297,133.3158
297,97.814042
297,130.109244
298,774.099946
298,119.216448
298,257.079932
298,166.680994
298,95.309696
298,153.70381
298,128.355432
298,270.884196
298,167.324612
298,103.910262
299,90.565294
299,397.540558
299,89.062516
299,103.906414
299,111.06578
299,279.002794
299,105.470774
299,171.272296
299,137.862196
299,102.00292
300,211.555232
300,109.222162
300,120.414312
300,145.036532
300,109.347462
300,192.735858
300,239.045732
300,98.504276
300,183.996306
300,185.609846
301,260.481924
301,143.949006
301,102.627724
301,107.70356
301,124.000626
301,129.330912
301,86.569716
301,104.458516
301,146.96654
301,146.107378
302,138.389922
302,149.216002
302,113.648812
302,126.937756
302,383.608422
302,87.399792
302,122.680454
302,354.17594
302,160.72804
302,204.415962
303,119.754012
303,137.127912
303,328.946878
303,95.786962
303,131.5761
303,109.716958
303,104.130502
303,91.188388
303,129.972824
303,199.801568
304,667.973578
304,931.615872
304,100.332074
304,106.50869
304,170.958824
304,165.122192
304,107.304128
304,133.701116
304,406.272412
304,104.029578
305,119.482024
305,119.730064
305,187.467578
305,145.296548
305,193.790882
305,158.273302
305,112.411182
305,139.615582
305,132.343742
305,92.61975
306,230.882658
306,115.775114
306,132.07774
306,179.361812
306,97.879046
306,186.72688
306,286.90842
306,189.12859
306,1068.315704
306,89.13821
307,144.033254
307,152.271594
307,268.744214
307,125.068906
307,135.337322
307,116.041544
307,126.68929
307,87.849688
307,117.374544
307,130.991066
308,79.231162
308,119.80918
308,114.730352
308,157.30552
308,237.724704
308,232.970468
308,166.085268
308,137.006886
308,101.500854
308,148.068176
309,162.097818
309,249.943228
309,90.230442
309,159.189338
309,175.82083
309,513.709968
309,155.491408
309,142.831972
309,322.219872
309,165.9373
310,120.936478
310,157.039946
310,192.435216
310,106.710118
310,157.382066
310,111.850098
310,108.16671
310,161.033812
310,119.277178
310,168.643928
311,126.791928
311,140.11936
311,139.345302
311,761.535024
311,110.850668
311,167.586766
311,150.924912
311,116.103552
311,128.329774
311,141.22912
312,150.21201
312,167.117202
312,137.696694
312,142.543304
312,189.222246
312,131.526064
312,92.423454
312,775.604008
312,188.930586
312,175.313632
313,128.487578
313,188.19331
313,188.188604
313,535.744022
313,157.639516
313,170.362244
313,180.59816
313,458.180714
313,146.263902
313,264.24657
314,163.315354
314,306.28802
314,154.329468
314,114.543896
314,138.86975
314,108.620022
314,156.699958
314,159.062326
314,110.135204
314,153.56696
315,143.219426
315,108.249244
315,114.768842
315,397.192018
315,105.646966
315,142.721638
315,134.916084
315,145.914078
315,172.795602
315,173.11805
316,139.225132
316,156.112788
316,235.74723
316,164.122336
316,160.302524
316,249.35221
316,212.777468
316,166.730174
316,123.046954
316,529.670472
317,119.094994
317,127.207606
317,163.925186
317,149.178798
317,172.590328
317,125.386226
317,390.20628
317,149.58806
317,358.691548
317,104.61632
318,111.907404
318,441.050578
318,135.99078
318,166.676288
318,189.985182
318,139.922636
318,128.377244
318,106.743472
318,170.764668
318,250.520134
319,179.13943
319,156.601598
319,132.948018
319,402.313184
319,179.818974
319,114.71838
319,101.566288
319,164.720198
319,91.165296
319,133.236684
320,247.569316
320,207.142262
320,154.433816
320,183.454894
320,195.034072
320,107.656944
320,103.67377
320,114.782526
320,136.11309
320,129.815018
321,158.143294
321,1224.245028
321,149.251498
321,117.28174
321,108.203916
321,174.083696
321,130.11737
321,118.827286
321,280.458532
321,122.05394
322,128.619722
322,197.05346
322,118.941896
322,309.202918
322,131.760846
322,148.0964
322,156.003738
322,92.378126
322,113.028716
322,223.414524
323,165.53787
323,114.112392
323,158.504662
323,147.090558
323,237.510022
323,135.51822
323,235.452578
323,133.166548
323,135.163694
323,196.434642
324,106.542046
324,159.046502
324,151.368816
324,120.470762
324,206.562788
324,148.103246
324,823.193426
324,101.535494
324,148.956416
324,272.607218
325,146.526482
325,120.885586
325,116.264352
325,149.94558
325,154.125904
325,98.276764
325,146.612012
325,143.614578
325,105.620024
325,151.8294
326,789.972352
326,380.170506
326,120.262066
326,220.727142
326,278.361742
326,148.823416
326,130.960704
326,188.84078
326,250.29305
326,179.817264
327,135.82827
327,166.985054
327,195.089242
327,180.410422
327,120.220584
327,121.774252
327,293.069212
327,108.00078
327,404.599
327,115.675042
328,142.403036
328,358.542294
328,501.303704
328,185.482834
328,503.225158
328,367.840794
328,116.872476
328,154.985492
328,156.402314
328,242.921566
329,99.18425
329,139.864904
329,1697.66693
329,115.528784
329,182.072714
329,150.032822
329,115.288014
329,542.078444
329,252.684922
329,132.46776
330,139.186216
330,232.489358
330,151.551852
330,149.016286
330,654.629896
330,140.809166
330,124.607466
330,153.141018
330,284.46352
330,492.321674
331,199.924732
331,143.42299
331,226.638184
331,146.88785
331,121.35729
331,177.259032
331,145.479582
331,106.862788
331,370.134734
331,130.893136
332,127.182376
332,154.230682
332,168.777356
332,530.475316
332,256.364892
332,132.67774
332,118.802908
332,1267.990258
332,126.653794
332,127.120796
333,170.079994
333,139.825132
333,112.106264
333,215.65644
333,152.376372
333,253.39098
333,185.570074
333,193.448328
333,164.344288
333,118.3543
334,273.362884
334,388.512338
334,1309.691726
334,165.975362
334,133.42913
334,142.449224
334,157.883708
334,129.417726
334,182.814696
334,150.052066
335,157.894824
335,158.207442
335,132.741458
335,133.340176
335,262.54835
335,145.931614
335,232.884084
335,183.94242
335,255.78542
335,128.74417
336,144.39505
336,134.997764
336,216.374898
336,470.835018
336,291.492022
336,149.531184
336,355.99775
336,408.210114
336,174.715342
336,126.985226
337,221.907898
337,183.298374
337,442.694482
337,116.90455
337,509.16571
337,240.268396
337,123.741468
337,378.161386
337,311.218452
337,167.889548
338,167.16125
338,510.600064
338,216.711036
338,852.982144
338,190.915758
338,202.938842
338,211.72501
338,194.825804
338,164.330176
338,219.984304
339,321.4719
339,186.463874
339,224.05344
339,299.852246
339,228.323144
339,335.528914
339,234.082372
339,340.979372
339,163.37394
339,180.527168
340,290.694022
340,191.049186
340,143.609022
340,170.732166
340,342.624988
340,317.941184
340,327.61174
340,244.385428
340,229.041178
340,149.431112
341,485.552326
341,237.320572
341,310.103556
341,916.985804
341,444.444016
341,252.34109
341,282.829022
341,218.76891
341,201.165786
341,237.086216
342,180.665304
342,197.453746
342,317.968126
342,141.649078
342,271.207932
342,125.379384
342,168.342432
342,182.728306
342,186.098656
342,167.341292
343,213.16535
343,320.995068
343,129.123928
343,190.173348
343,137.346872
343,191.344696
343,335.862054
343,234.205108
343,165.415562
343,217.560358
344,151.932038
344,154.991906
344,170.395602
344,167.803158
344,141.388212
344,204.489946
344,559.179928
344,222.320582
344,221.881808
344,155.831818
345,2083.714694
345,131.458922
345,174.359962
345,428.921434
345,202.633926
345,152.42042
345,224.51274
345,157.45477
345,188.477272
345,258.377864
346,238.23447
346,164.228822
346,143.04366
346,435.284508
346,129.164984
346,152.969954
346,144.41729
346,159.496822
346,204.548108
346,218.724862
347,187.979908
347,555.87758
347,154.884992
347,153.614432
347,167.721906
347,171.536158
347,151.109228
347,292.92766
347,162.71578
347,607.161934
348,329.756858
348,171.830812
348,232.929414
348,300.550606
348,753.791906
348,271.517554
348,443.202962
348,143.902818
348,280.581268
348,149.159978
349,146.123632
349,179.304078
349,241.320428
349,148.57281
349,138.238532
349,152.559834
349,174.72817
349,272.49731
349,199.858874
349,239.893342
350,391.895944
350,148.031828
350,161.269878
350,167.345142
350,169.298238
350,170.343854
350,153.375372
350,180.54513
350,230.166336
350,267.525822
351,193.487244
351,350.164968
351,467.541648
351,173.97165
351,144.653782
351,191.907918
351,170.833948
351,232.926846
351,262.580854
351,502.407054
352,148.984212
352,168.864598
352,146.695832
352,171.81627
352,136.411164
352,174.2291
352,291.797368
352,144.883004
352,322.333198
352,156.086276
353,182.05133
353,152.319922
353,1813.093504
353,177.60458
353,173.783482
353,144.906526
353,199.15581
353,168.2971
353,372.433376
353,207.430072
354,259.553484
354,155.490124
354,171.554118
354,248.844156
354,194.66244
354,269.178712
354,350.277012
354,148.583072
354,297.994514
354,140.537176
355,216.980458
355,333.654928
355,195.51946
355,467.997528
355,183.30436
355,195.478408
355,300.050676
355,381.04677
355,169.366238
355,140.23953
356,198.876552
356,237.301756
356,322.003904
356,191.527306
356,221.106472
356,193.48682
356,247.171598
356,165.048206
356,268.971298
356,192.73158
357,186.91676
357,143.22285
357,146.405028
357,186.699084
357,209.10092
357,695.269498
357,208.677542
357,207.163216
357,141.896262
357,154.846504
358,179.89296
358,217.473116
358,1178.157534
358,176.798448
358,219.016096
358,196.335428
358,160.268738
358,340.997334
358,671.351198
358,377.530594
359,157.218704
359,198.014828
359,150.520776
359,302.359584
359,182.953256
359,169.616414
359,197.525592
359,187.986752
359,195.547686
359,246.793122
360,520.297134
360,701.955878
360,234.064408
360,176.203582
360,228.141818
360,150.043514
360,138.46861
360,416.842752
360,232.438038
360,385.87927
361,233.750084
361,1551.222986
361,273.079778
361,183.036648
361,175.298662
361,139.887142
361,154.405592
361,307.74504
361,184.293098
361,533.906392
362,200.002138
362,190.624098
362,174.143142
362,191.76722
362,192.0623
362,164.558116
362,187.663872
362,141.956562
362,360.46546
362,177.983478
363,295.258806
363,181.866158
363,229.769472
363,159.628968
363,248.425484
363,162.927468
363,197.89594
363,168.059322
363,185.949404
363,214.37262
364,166.716916
364,579.287402
364,174.725604
364,263.927538
364,180.853472
364,204.747822
364,348.549716
364,226.548806
364,183.355678
364,234.093062
365,467.626324
365,187.701506
365,198.88767
365,197.277978
365,212.276254
365,156.507942
365,429.012524
365,853.501744
365,189.610556
365,217.424364
366,397.895512
366,262.40979
366,203.221096
366,271.121546
366,275.43316
366,227.20654
366,169.972224
366,275.73038
366,537.08857
366,269.905294
367,169.377784
367,216.45872
367,287.657242
367,230.553362
367,199.970918
367,166.489404
367,210.334278
367,541.472028
367,708.376686
367,325.908392
368,346.854064
368,194.348542
368,161.173656
368,423.654436
368,199.495368
368,289.03985
368,228.884228
368,208.288374
368,190.823382
368,243.23076
369,163.296532
369,207.213678
369,154.016426
369,156.20046
369,182.39816
369,223.538118
369,151.002742
369,174.055042
369,406.730428
369,230.193706
370,694.465932
370,190.014262
370,387.435076
370,418.01239
370,5448.267248
370,228.183728
370,1787.473994
370,275.461812
370,177.203866
370,210.341974
371,518.505692
371,578.648484
371,214.27939
371,146.144586
371,254.410084
371,176.598306
371,187.16266
371,446.146082
371,255.400104
371,207.072982
372,283.3251
372,276.051122
372,205.184886
372,238.104892
372,184.28711
372,192.08625
372,199.312332
372,210.173478
372,299.58881
372,193.587318
373,204.953952
373,281.260812
373,507.00263
373,201.07213
373,217.7682
373,303.480466
373,203.234354
373,163.945712
373,168.687978
373,163.039084
374,265.026182
374,189.074276
374,193.817396
374,147.602462
374,202.321308
374,312.019878
374,226.295204
374,222.128994
374,791.997296
374,325.229276
375,322.520512
375,195.021244
375,276.511706
375,190.492808
375,298.098432
375,208.20755
375,322.566698
375,523.874894
375,348.671596
375,353.145294
376,238.931976
376,341.073028
376,264.87736
376,391.614548
376,281.688894
376,236.007244
376,234.807246
376,238.67196
376,247.083076
376,203.9387
377,459.21008
377,179.925886
377,175.14086
377,270.112708
377,200.462296
377,265.910146
377,283.040712
377,160.08228
377,334.54659
377,644.33582
378,315.831992
378,169.61898
378,217.566346
378,181.687396
378,344.874878
378,174.506218
378,207.683244
378,311.23171
378,512.123372
378,199.342694
379,196.053174
379,244.910588
379,1073.02119
379,429.83533
379,159.612288
379,355.66974
379,272.474218
379,381.278132
379,266.879638
379,375.341856
380,598.44077
380,207.30477
380,330.596344
380,240.912444
380,149.403312
380,394.466148
380,386.50279
380,249.513436
380,224.294208
380,705.338628
381,211.437198
381,262.22205
381,433.010668
381,263.997244
381,178.354686
381,202.408124
381,218.667984
381,435.346518
381,174.5152
381,211.326862
382,393.252894
382,627.530274
382,283.322536
382,416.695212
382,352.577366
382,290.97841
382,199.869566
382,200.187742
382,199.804134
382,153.991194
383,931.075744
383,161.117204
383,263.502876
383,266.265954
383,184.516762
383,472.921546
383,197.53286
383,377.421114
383,317.985662
383,191.10307
384,255.10502
384,263.765886
384,226.822504
384,204.158514
384,280.503008
384,248.454134
384,202.801566
384,273.38897
384,244.329406
384,213.54682
385,230.047876
385,206.720166
385,360.693828
385,438.722854
385,226.458998
385,757.046358
385,190.896942
385,173.468302
385,264.851272
385,254.590126
386,365.61143
386,871.599664
386,245.09277
386,462.476934
386,232.442744
386,182.514482
386,223.364914
386,263.659398
386,1552.663754
386,298.321668
387,294.841844
387,625.862418
387,229.95636
387,282.564732
387,224.205258
387,453.78528
387,226.301622
387,1095.970852
387,379.061168
387,335.17567
388,320.23769
388,212.967346
388,444.520996
388,513.437554
388,237.255568
388,256.257122
388,242.433612
388,272.922398
388,793.38803
388,227.756502
389,254.38699
389,1188.782188
389,190.378198
389,220.621512
389,359.348426
389,239.874954
389,283.011202
389,500.297006
389,417.001414
389,735.30097
390,367.01328
390,233.67738
390,277.696738
390,804.603276
390,183.567368
390,205.265286
390,284.32795
390,508.93007
390,824.434478
390,374.876138
391,216.359504
391,224.761208
391,269.528104
391,252.34451
391,339.734468
391,459.765174
391,278.463522
391,468.296034
391,565.213282
391,2385.569646
392,319.78951
392,253.980718
392,182.551258
392,772.203726
392,477.795098
392,279.066516
392,273.873504
392,279.168724
392,388.571782
392,873.612208
393,229.962344
393,233.476812
393,260.11243
393,325.5838
393,264.500168
393,427.36477
393,421.202692
393,481.989964
393,611.08139
393,398.60713
394,412.97547
394,395.79487
394,675.759888
394,273.809358
394,875.419474
394,260.781282
394,210.288946
394,429.203684
394,273.350056
394,324.249948
395,306.427008
395,240.955636
395,333.113518
395,422.83719
395,220.315308
395,236.791564
395,198.594298
395,291.638708
395,289.817756
395,447.649288
396,349.596616
396,246.226054
396,364.014566
396,279.435154
396,205.172482
396,228.499338
396,533.9885
396,237.808954
396,299.919386
396,268.039438
397,232.989284
397,391.954104
397,278.416908
397,193.937568
397,296.146616
397,229.00953
397,221.41267
397,210.195714
397,270.35861
397,264.566026
398,435.259702
398,338.358278
398,885.126382
398,199.446188
398,3292.38967
398,293.093592
398,263.734238
398,306.385526
398,318.846528
398,283.27421
399,228.417658
399,269.70387
399,195.161088
399,438.90546
399,564.521764
399,210.581462
399,229.263128
399,258.475796
399,443.375306
399,216.143966
400,548.935032
400,229.672396
400,580.460884
400,300.14305
400,448.654706
400,228.348804
400,282.116976
400,251.95748
400,205.733568
400,325.094996
401,403.643618
401,211.644612
401,754.73403
401,312.409472
401,234.032762
401,271.763882
401,575.511208
401,244.370462
401,287.02346
401,271.821188
402,253.951636
402,345.353424
402,206.529858
402,614.076684
402,278.12824
402,241.432044
402,247.769888
402,235.70703
402,617.078392
402,614.009112
403,1177.200444
403,265.75063
403,265.426896
403,357.538162
403,194.329726
403,243.646012
403,539.663052
403,576.575212
403,293.015758
403,254.137668
404,305.773552
404,422.49977
404,346.322064
404,370.736016
404,245.515292
404,238.884504
404,330.505252
404,659.195966
404,229.743386
404,291.474064
405,251.170598
405,455.429184
405,259.883208
405,475.043568
405,248.573452
405,255.476228
405,251.606378
405,901.150606
405,468.47308
405,217.527858
406,326.120508
406,223.20754
406,288.15931
406,279.43943
406,276.244848
406,424.512312
406,681.88476
406,385.075704
406,410.853878
406,642.160768
407,288.430444
407,266.052554
407,266.223188
407,282.52453
407,310.027434
407,272.32967
407,458.953916
407,254.808228
407,289.016758
407,720.494284
408,914.578964
408,554.957696
408,253.877226
408,384.205428
408,276.235014
408,650.724126
408,245.777018
408,266.709858
408,328.378098
408,326.712384
409,329.458354
409,777.181628
409,300.681898
409,420.11645
409,634.5947
409,512.223868
409,344.002466
409,257.333102
409,274.176284
409,833.741958
410,263.75049
410,369.270012
410,727.737472
410,219.991146
410,261.529678
410,248.067536
410,233.78515
410,248.179582
410,347.435248
410,353.23211
411,281.315552
411,345.515506
411,281.740642
411,678.924106
411,270.56645
411,346.051784
411,2413.770056
411,266.736802
411,308.380108
411,233.912166
412,250.047576
412,560.469738
412,388.462302
412,286.197656
412,334.019292
412,284.955322
412,199.404706
412,212.909186
412,350.829116
412,280.539788
413,585.168078
413,308.413464
413,273.012208
413,260.762894
413,452.199536
413,274.393958
413,267.9043
413,211.31275
413,307.319952
413,368.198742
414,343.637674
414,415.014958
414,242.0453
414,241.09933
414,487.450684
414,262.502166
414,420.746814
414,266.929246
414,320.366842
414,889.916544
415,277.939218
415,439.038032
415,210.311612
415,426.120722
415,289.632154
415,308.023444
415,236.113728
415,475.036298
415,731.068476
415,855.274374
416,310.261788
416,261.94108
416,287.765442
416,411.34354
416,216.525862
416,345.787068
416,412.347248
416,266.56018
416,355.900246
416,284.34677
417,307.893864
417,302.428864
417,258.935952
417,291.719536
417,431.852152
417,368.339438
417,227.524284
417,495.280618
417,856.52783
417,258.130678
418,329.531484
418,298.438844
418,253.367462
418,253.468388
418,258.378718
418,275.004224
418,266.212068
418,512.333348
418,333.775528
418,306.628864
419,231.208104
419,497.366288
419,401.35652
419,239.718004
419,284.413054
419,265.938372
419,334.441814
419,895.24897
419,804.612256
419,410.642186
420,290.079052
420,255.56475
420,275.214202
420,320.969836
420,307.438412
420,268.11043
420,272.892464
420,233.83433
420,282.090034
420,229.066836
421,249.279938
421,288.272638
421,353.88984
421,227.473394
421,329.69613
421,361.22027
421,276.099022
421,540.105674
421,638.788712
421,316.890438
422,426.145528
422,692.31654
422,381.917904
422,394.305348
422,353.016996
422,1034.080232
422,1857.836878
422,316.772832
422,416.929568
422,333.204182
423,342.707526
423,1201.95139
423,545.675022
423,465.146354
423,375.966662
423,743.545728
423,365.802162
423,494.471494
423,619.063138
423,514.54475
424,391.822814
424,415.64361
424,448.215076
424,499.914258
424,322.460212
424,517.610608
424,581.561666
424,652.915428
424,384.651472
424,348.013866
425,925.80661
425,275.736796
425,280.866944
425,484.230874
425,262.197246
425,531.640676
425,812.81125
425,430.487506
425,289.520534
425,263.202236
426,376.27072
426,432.588572
426,441.524418
426,426.639468
426,345.31964
426,373.356258
426,1517.868484
426,578.829808
426,489.51412
426,452.83118
427,1122.034268
427,1871.405082
427,495.016326
427,877.721114
427,250.721132
427,307.678328
427,434.408244
427,316.708256
427,526.848806
427,302.10171
428,521.082736
428,363.39019
428,542.61002
428,596.228514
428,356.830394
428,401.961654
428,728.750584
428,391.906636
428,369.27814
428,500.929934
429,418.563206
429,488.569858
429,343.132612
429,1096.059802
429,468.918698
429,2699.864648
429,378.191748
429,519.525218
429,304.94262
429,659.972586
430,884.257816
430,322.395636
430,280.261812
430,322.898558
430,290.265938
430,316.194642
430,357.075868
430,735.193634
430,800.619672
430,375.788756
431,374.36039
431,485.385112
431,663.309578
431,348.616002
431,411.363214
431,365.343718
431,435.72713
431,388.620106
431,443.987708
431,320.86848
432,1131.188218
432,333.070752
432,597.646614
432,559.222696
432,299.141484
432,397.971206
432,260.612786
432,261.994966
432,359.80516
432,263.33267
433,419.670408
433,1042.692344
433,381.51719
433,1208.26785
433,859.541512
433,442.726554
433,422.669122
433,567.042788
433,438.861412
433,428.745668
434,1125.734338
434,422.071262
434,603.612826
434,715.876042
434,412.732564
434,537.748012
434,479.719972
434,711.318524
434,248.790274
434,273.679778
435,517.680744
435,524.471046
435,335.320218
435,305.621736
435,319.816024
435,381.169078
435,263.625186
435,517.295424
435,560.096394
435,1294.744766
436,1388.868576
436,431.93084
436,1353.813718
436,457.187272
436,451.5897
436,401.16322
436,512.893148
436,374.226532
436,459.639444
436,1250.913578
437,506.30855
437,296.08974
437,263.173156
437,665.984986
437,291.099864
437,299.76543
437,259.59839
437,364.904514
437,393.62666
437,366.183628
438,652.728972
438,471.177994
438,569.938012
438,602.247326
438,463.813782
438,1595.933004
438,493.003354
438,614.41795
438,370.136444
438,417.387586
439,761.995182
439,627.672682
439,486.012054
439,406.753096
439,590.876842
439,429.169046
439,1223.856718
439,758.794182
439,534.39178
439,938.506244
440,473.374004
440,740.619712
440,972.957682
440,1345.845654
440,636.939532
440,443.287638
440,643.725128
440,3155.273304
440,312.050668
440,279.06908
441,354.413288
441,294.243982
441,392.7226
441,386.058028
441,372.893106
441,364.741578
441,3170.387476
441,287.623886
441,383.702506
441,304.118956
442,550.806024
442,328.856216
442,414.481244
442,375.444068
442,365.304372
442,628.67938
442,640.99541
442,444.479084
442,314.485306
442,363.038232
443,292.273778
443,567.725326
443,441.222068
443,277.31869
443,484.189392
443,1456.563324
443,345.019854
443,496.785962
443,436.177024
443,567.870728
444,364.768948
444,622.447596
444,906.95217
444,2703.43471
444,1062.284488
444,289.750184
444,341.034968
444,367.656902
444,474.55433
444,2042.866826
445,281.992102
445,1933.374816
445,481.02945
445,310.523088
445,2287.413908
445,661.30345
445,392.30863
445,5436.65899
445,383.09096
445,611.71004
446,1120.496848
446,348.400464
446,391.357952
446,493.519534
446,467.482204
446,411.920876
446,1380.081556
446,382.139856
446,307.58082
446,597.700074
447,298.791236
447,492.804496
447,474.075786
447,342.96754
447,327.441962
447,354.740874
447,446.245298
447,351.3701
447,337.83226
447,347.99975
448,748.876016
448,310.098426
448,351.612578
448,1079.877776
448,481.577704
448,949.264756
448,342.861908
448,372.933306
448,500.886742
448,323.258216
449,365.066594
449,831.756784
449,349.36397
449,462.00737
449,537.797622
449,381.135294
449,552.514074
449,619.965488
449,285.647694
449,375.771222
450,388.408848
450,2296.279618
450,552.283142
450,288.096016
450,650.717284
450,381.641636
450,690.086322
450,412.628216
450,1367.679994
450,328.378098
451,358.630818
451,14194.05774
451,494.405634
451,390.252894
451,451.753918
451,941.17267
451,1051.936956
451,341.62941
451,406.209976
451,364.540582
452,512.402202
452,667.087904
452,409.27797
452,407.301776
452,504.433284
452,656.654414
452,560.383776
452,600.27712
452,303.643832
452,633.882228
453,1433.335258
453,726.096134
453,823.534694
453,417.756654
453,554.12505
453,363.624544
453,419.49421
453,536.84609
453,1655.864964
453,3554.992334
454,1288.130228
454,382.15354
454,417.763922
454,759.377504
454,1306.734066
454,1175.423968
454,719.026998
454,316.124078
454,490.833006
454,530.372254
455,431.465552
455,435.200262
455,590.736142
455,352.953704
455,390.177626
455,1699.01062
455,410.921446
455,840.133682
455,643.262406
455,428.525854
456,1148.691696
456,337.233972
456,805.327294
456,1343.095406
456,514.651236
456,409.458866
456,786.838926
456,480.80151
456,507.443116
456,371.944996
457,570.675716
457,457.029468
457,445.401108
457,380.777348
457,2587.052324
457,628.353934
457,677.026174
457,356.377938
457,368.241932
457,372.400448
458,397.914756
458,298.466214
458,353.582356
458,392.188886
458,278.598662
458,284.15518
458,690.98568
458,351.810582
458,456.419632
458,1076.575428
459,464.115278
459,1144.005456
459,1635.209242
459,6485.616048
459,2131.776242
459,390.99915
459,462.851558
459,365.026398
459,368.810714
459,1815.174902
460,2455.690906
460,488.653252
460,468.632168
460,1461.354768
460,413.127716
460,453.239592
460,2537.291278
460,467.796532
460,533.710524
460,384.57706
461,540.154854
461,376.642782
461,415.777038
461,1877.545346
461,486.337074
461,466.356618
461,551.615572
461,512.14347
461,594.117182
461,507.542332
462,426.694206
462,408.721162
462,452.838454
462,391.281404
462,4148.16611
462,367.07144
462,974.593034
462,594.193732
462,315.574544
462,1196.828512
463,335.212874
463,374.372364
463,337.844236
463,360.61471
463,518.8662
463,532.040532
463,815.513602
463,421.705616
463,340.30496
463,380.25176
464,415.062
464,406.861718
464,425.57589
464,518.282452
464,948.282432
464,397.553388
464,1102.52808
464,550.060192
464,1311.8903
464,345.687424
465,345.817858
465,534.78351
465,341.300968
465,619.654582
465,716.244678
465,600.31903
465,505.79793
465,489.377272
465,910.585952
465,945.034394
466,994.546548
466,520.87233
466,396.562086
466,415.451594
466,409.59743
466,410.272692
466,458.014786
466,405.377756
466,499.13293
466,484.1988
467,351.733176
467,673.714418
467,425.749946
467,636.876668
467,370.287404
467,431.756786
467,2887.38782
467,429.147662
467,413.42237
467,795.935144
468,395.20043
468,571.04179
468,442.85357
468,329.27104
468,364.808722
468,513.523512
468,423.470118
468,326.18594
468,466.505868
468,419.65544
469,583.069576
469,687.821464
469,1873.671222
469,470.624182
469,538.027272
469,986.702504
469,684.251402
469,323.089292
469,307.374266
469,1361.780926
470,703.8846
470,514.775684
470,469.765452
470,359.200458
470,412.192436
470,356.119204
470,363.76396
470,2594.360944
470,368.588332
470,620.649738
471,457.673944
471,482.947056
471,445.293766
471,395.901784
471,611.997
471,339.98379
471,620.552232
471,336.3004
471,765.464314
471,416.134984
472,557.731892
472,1208.98075
472,611.181888
472,419.728568
472,918.47661
472,1035.131836
472,388.40457
472,10797.22452
472,390.21184
472,397.21982
473,364.684702
473,341.78037
473,324.316232
473,775.411992
473,1352.17195
473,413.398852
473,490.987818
473,331.555574
473,950.825692
473,422.782022
474,629.001406
474,434.121288
474,1231.897056
474,404.066142
474,575.345706
474,374.690966
474,364.406726
474,409.527292
474,470.058824
474,427.999838
475,355.375084
475,412.478108
475,343.312228
475,1252.058838
475,456.305448
475,449.600678
475,497.24355
475,622.611814
475,378.725462
475,917.415168
476,428.448446
476,978.478274
476,1213.4831
476,603.789022
476,336.543738
476,417.157936
476,387.298226
476,421.12871
476,516.221156
476,333.637824
477,382.555108
477,532.707674
477,615.073546
477,370.609856
477,424.244174
477,432.119436
477,606.464002
477,364.681706
477,666.000808
477,417.15152
478,322.630846
478,402.742548
478,468.2306
478,488.098582
478,369.447492
478,376.961384
478,564.910502
478,413.548956
478,485.10671
478,321.593782
479,479.26452
479,1192.892806
479,429.773748
479,372.164382
479,441.003962
479,386.035362
479,612.081672
479,501.745472
479,520.618304
479,815.091508
480,493.777838
480,539.411164
480,948.796472
480,418.532846
480,619.071264
480,350.78293
480,364.199314
480,420.846458
480,664.205086
480,1032.684796
481,714.162428
481,410.646038
481,589.930442
481,672.809072
481,1266.078642
481,954.66304
481,404.326156
481,722.911388
481,1671.84471
481,373.467446
482,807.673836
482,893.966432
482,474.536796
482,645.730402
482,1450.741658
482,651.525122
482,541.175664
482,445.10004
482,387.59844
482,831.015232
483,1017.745106
483,391.13429
483,471.959748
483,414.94311
483,494.455668
483,611.45516
483,791.03935
483,486.868646
483,1153.763682
483,403.005986
484,399.955096
484,348.64936
484,1196.387174
484,348.382074
484,673.87222
484,494.626304
484,424.951514
484,509.939336
484,425.958212
484,420.812244
485,562.81585
485,1166.457754
485,397.549964
485,532.791492
485,345.942306
485,439.520428
485,383.039642
485,1113.62572
485,498.881042
485,559.347998
486,492.975558
486,317.771406
486,719.698418
486,542.1597
486,569.392324
486,631.625922
486,503.229436
486,410.664852
486,698.103992
486,1367.862602
487,579.513202
487,430.259564
487,365.303516
487,609.00598
487,376.06716
487,405.736132
487,532.331766
487,674.154046
487,435.826774
487,401.343692
488,473.702442
488,394.26558
488,921.442394
488,483.565014
488,465.934948
488,928.05693
488,617.155368
488,979.069724
488,438.12157
488,543.223278
489,1114.691008
489,475.491748
489,593.411124
489,617.463708
489,12654.03289
489,1062.03987
489,501.784818
489,1766.67073
489,434.285508
489,407.056304
490,738.35785
490,531.22072
490,422.039186
490,483.412344
490,397.652604
490,412.113746
490,578.335866
490,1022.129422
490,705.766712
490,627.724856
491,699.88218
491,458.125118
491,1569.686978
491,497.573702
491,537.677024
491,700.07035
491,1416.526718
491,438.230194
491,779.839502
491,515.118664
492,533.78793
492,395.392876
492,416.237624
492,1570.93188
492,475.730808
492,649.371456
492,599.43336
492,463.348922
492,430.507604
492,971.989472
493,694.965862
493,9388.298938
493,675.107716
493,786.963372
493,481.025602
493,672.73808
493,1467.523686
493,4639.88094
493,385.89167
493,953.006734
494,549.673168
494,539.525346
494,434.675528
494,391.517896
494,443.323988
494,435.3153
494,436.05215
494,562.00288
494,379.880128
494,963.243506
495,480.436294
495,793.225094
495,550.698682
495,465.81264
495,582.685972
495,2731.987932
495,360.123762
495,497.768284
495,743.131758
495,615.861712
496,595.89922
496,534.919078
496,625.247452
496,499.705986
496,950.402314
496,995.028086
496,538.448084
496,471.121974
496,470.225182
496,592.21925
497,1008.191298
497,731.27503
497,407.932996
497,440.29876
497,635.805818
497,1645.259982
497,2068.442716
497,528.107392
497,536.915798
497,452.681074
498,1071.859678
498,380.924034
498,2520.16499
498,606.476402
498,412.646178
498,830.066692
498,530.852082
498,415.471264
498,6413.4151
498,1187.136574
499,433.145378
499,588.210414
499,4804.768776
499,11583.67385
499,828.270544
499,780.041784
499,2173.789898
499,510.419166
499,1145.475306
499,401.65588
500,436.384008
500,643.885928
500,473.347918
500,492.921244
500,508.85566
500,412.89336
500,776.742852
500,416.750382
500,427.934834
500,2636.444308
